{"cameraMode":{"drawMode":0,"name":"Shaded","section":"Shading Mode"},"sceneLighting":true,"audioPlay":false,"sceneViewState":{"showFog":true,"showMaterialUpdate":true,"showSkybox":true,"showFlares":true,"showImageEffects":true,"showParticleSystems":true},"in2DMode":false,"pivot":{"x":-15.124237060546875,"y":87.68170928955078,"z":53.95872497558594},"rotation":{"x":0.09481313079595566,"y":0.8979905247688294,"z":0.2397376298904419,"w":-0.357230007648468},"size":14.07439136505127,"orthographic":false}