{"cameraMode":{"drawMode":0,"name":"Shaded","section":"Shading Mode"},"sceneLighting":true,"audioPlay":false,"sceneViewState":{"showFog":false,"showMaterialUpdate":true,"showSkybox":true,"showFlares":true,"showImageEffects":true,"showParticleSystems":true},"in2DMode":false,"pivot":{"x":6.3436784744262699,"y":1.0272903442382813,"z":4.207996845245361},"rotation":{"x":0.13898608088493348,"y":0.7063454985618591,"z":-0.14456306397914887,"w":0.678924560546875},"size":1.6792359352111817,"orthographic":false}