{"cameraMode":{"drawMode":0,"name":"Shaded","section":"Shading Mode"},"sceneLighting":true,"audioPlay":false,"sceneViewState":{"showFog":true,"showMaterialUpdate":true,"showSkybox":true,"showFlares":true,"showImageEffects":true,"showParticleSystems":true},"in2DMode":false,"pivot":{"x":13.970499992370606,"y":-2.4631948471069338,"z":8.828465461730957},"rotation":{"x":-0.15615412592887879,"y":0.3769289553165436,"z":-0.0646262913942337,"w":-0.9107243418693543},"size":6.607396125793457,"orthographic":false}